<application>
  <component name="ProjectManager">
    <defaultProject>
      <component name="ProjectViewState">
        <option name="autoscrollFromSource" value="true" />
        <option name="flattenModules" value="true" />
        <option name="flattenPackages" value="true" />
        <option name="hideEmptyMiddlePackages" value="true" />
        <option name="showLibraryContents" value="true" />
        <option name="sortByType" value="true" />
      </component>
    </defaultProject>
  </component>
</application>