<application>
  <component name="CodotaSettings">
    <option name="methodCompletionsPercentageSet" value="true" />
    <option name="id" value="f9ddb0c6-e79f-4b4e-b143-5f6f820e3ecf" />
    <option name="wasRunBefore" value="true" />
    <option name="firstRun" value="1596315299733" />
    <option name="generation" value="115" />
    <option name="updateGeneration" value="1" />
    <option name="isInJSBeta" value="YES" />
    <option name="isMethodCompletionsPercentageActive" value="true" />
    <option name="isMethodCompletionsPercentageSet" value="true" />
    <option name="testedFeatureFlags">
      <set>
        <option value="deep-completions" />
      </set>
    </option>
    <option name="completeIndexingProjects">
      <map>
        <entry key="fc08ba67" value="1" />
      </map>
    </option>
    <option name="usedLanguages">
      <set>
        <option value="java" />
      </set>
    </option>
  </component>
</application>