<application>
  <component name="GroupManager">
    <expandedByName>
      <entry name="Tutorials" expanded="true" />
      <entry name="Projects" expanded="true" />
    </expandedByName>
  </component>
  <component name="LangManager">
    <option name="languageName" value="JAVA" />
    <option name="languageToProjectMap">
      <map>
        <entry key="java" value="$USER_HOME$/develop/LMWR/LearnProject" />
      </map>
    </option>
  </component>
  <component name="LessonStateBase">
    <option name="map">
      <map>
        <entry key="Actions" value="PASSED" />
        <entry key="Basic Completion" value="PASSED" />
        <entry key="CodeAssistance.CodeFormatting" value="PASSED" />
        <entry key="CodeAssistance.EditorCodingAssistance" value="PASSED" />
        <entry key="CodeAssistance.ParameterInfo" value="PASSED" />
        <entry key="CodeAssistance.QuickPopups" value="PASSED" />
        <entry key="Collapse" value="PASSED" />
        <entry key="Comment Line" value="PASSED" />
        <entry key="Completion with Tab" value="PASSED" />
        <entry key="Duplicate" value="PASSED" />
        <entry key="Move" value="PASSED" />
        <entry key="Multiple Selections" value="PASSED" />
        <entry key="Navigation.Declaration/Implementation" value="PASSED" />
        <entry key="Navigation.FileStructure" value="PASSED" />
        <entry key="Navigation.JumptoSource" value="PASSED" />
        <entry key="Navigation.Next/PreviousOccurrences" value="PASSED" />
        <entry key="Postfix Completion" value="PASSED" />
        <entry key="Refactorings.ExtractMethod" value="PASSED" />
        <entry key="Refactorings.ExtractVariable/Field" value="PASSED" />
        <entry key="Refactorings.RefactoringBasics" value="PASSED" />
        <entry key="Refactorings.Rename" value="PASSED" />
        <entry key="Select" value="PASSED" />
        <entry key="Smart Type Completion" value="PASSED" />
        <entry key="Statement Completion" value="PASSED" />
        <entry key="Surround and Unwrap" value="PASSED" />
      </map>
    </option>
  </component>
</application>