<application>
  <component name="DefaultFont">
    <option name="FONT_SIZE" value="14" />
    <option name="FONT_FAMILY" value="Consolas" />
    <option name="LINE_SPACING" value="1.05" />
  </component>
  <component name="EditorSettings">
    <option name="USE_SOFT_WRAPS" value="CONSOLE" />
    <option name="IS_WHITESPACES_SHOWN" value="true" />
    <option name="PRESELECT_RENAME" value="false" />
  </component>
  <component name="InlayHintsSettings">
    <option name="disabledHintProviderIds">
      <set>
        <option value="JAVA.chain.hints" />
      </set>
    </option>
    <option name="disabledLanguages">
      <set>
        <option value="Angular2Html" />
      </set>
    </option>
    <option name="lastViewedProviderKeyId" value="microservices.url.path.inlay.hints" />
  </component>
  <component name="JavaCodeFoldingSettings">
    <option name="collapseOneLineMethods" value="false" />
  </component>
</application>