<application>
  <component name="GeneralSettings">
    <option name="autoSaveIfInactive" value="true" />
    <option name="confirmExit" value="false" />
    <option name="inactiveTimeout" value="1" />
    <option name="processCloseConfirmation" value="TERMINATE" />
  </component>
  <component name="Registry">
    <entry key="compiler.automake.allow.when.app.running" value="true" />
    <entry key="compiler.document.save.trigger.delay" value="0" />
    <entry key="compiler.automake.postpone.when.idle.less.than" value="0" />
    <entry key="compiler.automake.trigger.delay" value="0" />
    <entry key="compiler.document.save.enabled" value="true" />
  </component>
</application>